Workbook

Sheet Base_Marcas
A1: Base de Marcas — Inputs Brutos (dados fictícios)
A2: Cada atributo é avaliado em escala 0–10 por análise qualitativa de clipping. Células em azul são inputs editáveis.
A4: Marca | B4: Setor | C4: Destaque | D4: Formato da Notícia | E4: Espaço Dedicado | F4: Tipo de Atendimento | G4: Mensagem-Chave | H4: Fator de Visibilidade | I4: Fator de Valoração
A5: Aurora Cosméticos | B5: Beleza | C5: 8 | D5: 7 | E5: 7 | F5: 8 | G5: 8 | H5: 9 | I5: 8
A6: NovaTech Eletrônicos | B6: Eletrônicos | C6: 6 | D6: 5 | E6: 6 | F6: 5 | G6: 6 | H6: 8 | I6: 7
A7: Vertta Alimentos | B7: Alimentos | C7: 4 | D7: 5 | E7: 4 | F7: 6 | G7: 5 | H7: 5 | I7: 4
A8: Bruma Vestuário | B8: Moda | C8: 7 | D8: 8 | E8: 7 | F8: 7 | G8: 8 | H8: 6 | I8: 6
A9: Solvix Farmacêutica | B9: Saúde | C9: 9 | D9: 8 | E9: 9 | F9: 9 | G9: 9 | H9: 7 | I9: 8
A10: Cintra Bebidas | B10: Bebidas | C10: 5 | D10: 4 | E10: 5 | F10: 4 | G10: 4 | H10: 7 | I10: 6
A11: Halo Beleza | B11: Beleza | C11: 3 | D11: 4 | E11: 3 | F11: 4 | G11: 3 | H11: 4 | I11: 3
A12: Ferra Automotiva | B12: Automotivo | C12: 6 | D12: 6 | E12: 7 | F12: 6 | G12: 6 | H12: 4 | I12: 5
A13: Lumen Energia | B13: Energia | C13: 7 | D13: 6 | E13: 6 | F13: 7 | G13: 7 | H13: 5 | I13: 6
A14: Prisma Telecom | B14: Telecom | C14: 2 | D14: 3 | E14: 3 | F14: 2 | G14: 3 | H14: 6 | I14: 5
A15: Ondara Turismo | B15: Turismo | C15: 8 | D15: 9 | E15: 8 | F15: 8 | G15: 9 | H15: 8 | I15: 9
A16: Kellen Educação | B16: Educação | C16: 5 | D16: 6 | E16: 5 | F16: 6 | G16: 6 | H16: 3 | I16: 4
... A19: Ravena Entretenimento | B19: Entretenimento | C19: 9 | D19: 9 | E19: 8 | F19: 9 | G19: 9 | H19: 9 | I19: 9

Sheet Scoring
A1: Modelagem do Score de Reputação (0–10)
A2: Eixo Narrativa = média de 5 atributos · Eixo Atratividade = média de 2 fatores · Score Final = média dos dois eixos.
A4: Marca | B4: Score Narrativa | C4: Score Atratividade | D4: Score Final | E4: Quadrante | F4: Desempate | G4: Rank
A5: =Base_Marcas!A5 -> Aurora Cosméticos | B5: =AVERAGE(Base_Marcas!C5:G5) -> 7.6 | C5: =AVERAGE(Base_Marcas!H5:I5) -> 8.5 | D5: =AVERAGE(B5:C5) -> 8.05 | E5: =IF(AND(B5>=5,C5>=5),"Reputação Consolidada",IF(AND(B5<5,C5>=5),"Risco Narrativo",IF(AND(B5>=5,C5<5),"Oportunidade Latente","Baixa Relevância"))) -> Reputação Consolidada | F5: =D5+ROW()*0.00001 -> 8.05005 | G5: =RANK(F5,$F$5:$F$19) -> 4
A6: =Base_Marcas!A6 -> NovaTech Eletrônicos | B6: =AVERAGE(Base_Marcas!C6:G6) -> 5.6 | C6: =AVERAGE(Base_Marcas!H6:I6) -> 7.5 | D6: =AVERAGE(B6:C6) -> 6.55 | E6: =IF(AND(B6>=5,C6>=5),"Reputação Consolidada",IF(AND(B6<5,C6>=5),"Risco Narrativo",IF(AND(B6>=5,C6<5),"Oportunidade Latente","Baixa Relevância"))) -> Reputação Consolidada | F6: =D6+ROW()*0.00001 -> 6.55006 | G6: =RANK(F6,$F$5:$F$19) -> 6
A7: =Base_Marcas!A7 -> Vertta Alimentos | B7: =AVERAGE(Base_Marcas!C7:G7) -> 4.8 | C7: =AVERAGE(Base_Marcas!H7:I7) -> 4.5 | D7: =AVERAGE(B7:C7) -> 4.65 | E7: =IF(AND(B7>=5,C7>=5),"Reputação Consolidada",IF(AND(B7<5,C7>=5),"Risco Narrativo",IF(AND(B7>=5,C7<5),"Oportunidade Latente","Baixa Relevância"))) -> Baixa Relevância | F7: =D7+ROW()*0.00001 -> 4.65007 | G7: =RANK(F7,$F$5:$F$19) -> 11
A8: =Base_Marcas!A8 -> Bruma Vestuário | B8: =AVERAGE(Base_Marcas!C8:G8) -> 7.4 | C8: =AVERAGE(Base_Marcas!H8:I8) -> 6 | D8: =AVERAGE(B8:C8) -> 6.7 | E8: =IF(AND(B8>=5,C8>=5),"Reputação Consolidada",IF(AND(B8<5,C8>=5),"Risco Narrativo",IF(AND(B8>=5,C8<5),"Oportunidade Latente","Baixa Relevância"))) -> Reputação Consolidada | F8: =D8+ROW()*0.00001 -> 6.70008 | G8: =RANK(F8,$F$5:$F$19) -> 5
A9: =Base_Marcas!A9 -> Solvix Farmacêutica | B9: =AVERAGE(Base_Marcas!C9:G9) -> 8.8 | C9: =AVERAGE(Base_Marcas!H9:I9) -> 7.5 | D9: =AVERAGE(B9:C9) -> 8.15 | E9: =IF(AND(B9>=5,C9>=5),"Reputação Consolidada",IF(AND(B9<5,C9>=5),"Risco Narrativo",IF(AND(B9>=5,C9<5),"Oportunidade Latente","Baixa Relevância"))) -> Reputação Consolidada | F9: =D9+ROW()*0.00001 -> 8.15009 | G9: =RANK(F9,$F$5:$F$19) -> 3
A10: =Base_Marcas!A10 -> Cintra Bebidas | B10: =AVERAGE(Base_Marcas!C10:G10) -> 4.4 | C10: =AVERAGE(Base_Marcas!H10:I10) -> 6.5 | D10: =AVERAGE(B10:C10) -> 5.45 | E10: =IF(AND(B10>=5,C10>=5),"Reputação Consolidada",IF(AND(B10<5,C10>=5),"Risco Narrativo",IF(AND(B10>=5,C10<5),"Oportunidade Latente","Baixa Relevância"))) -> Risco Narrativo | F10: =D10+ROW()*0.00001 -> 5.4501 | G10: =RANK(F10,$F$5:$F$19) -> 8
A11: =Base_Marcas!A11 -> Halo Beleza | B11: =AVERAGE(Base_Marcas!C11:G11) -> 3.4 | C11: =AVERAGE(Base_Marcas!H11:I11) -> 3.5 | D11: =AVERAGE(B11:C11) -> 3.45 | E11: =IF(AND(B11>=5,C11>=5),"Reputação Consolidada",IF(AND(B11<5,C11>=5),"Risco Narrativo",IF(AND(B11>=5,C11<5),"Oportunidade Latente","Baixa Relevância"))) -> Baixa Relevância | F11: =D11+ROW()*0.00001 -> 3.45011 | G11: =RANK(F11,$F$5:$F$19) -> 15
A12: =Base_Marcas!A12 -> Ferra Automotiva | B12: =AVERAGE(Base_Marcas!C12:G12) -> 6.2 | C12: =AVERAGE(Base_Marcas!H12:I12) -> 4.5 | D12: =AVERAGE(B12:C12) -> 5.35 | E12: =IF(AND(B12>=5,C12>=5),"Reputação Consolidada",IF(AND(B12<5,C12>=5),"Risco Narrativo",IF(AND(B12>=5,C12<5),"Oportunidade Latente","Baixa Relevância"))) -> Oportunidade Latente | F12: =D12+ROW()*0.00001 -> 5.35012 | G12: =RANK(F12,$F$5:$F$19) -> 9
A13: =Base_Marcas!A13 -> Lumen Energia | B13: =AVERAGE(Base_Marcas!C13:G13) -> 6.6 | C13: =AVERAGE(Base_Marcas!H13:I13) -> 5.5 | D13: =AVERAGE(B13:C13) -> 6.05 | E13: =IF(AND(B13>=5,C13>=5),"Reputação Consolidada",IF(AND(B13<5,C13>=5),"Risco Narrativo",IF(AND(B13>=5,C13<5),"Oportunidade Latente","Baixa Relevância"))) -> Reputação Consolidada | F13: =D13+ROW()*0.00001 -> 6.05013 | G13: =RANK(F13,$F$5:$F$19) -> 7
A14: =Base_Marcas!A14 -> Prisma Telecom | B14: =AVERAGE(Base_Marcas!C14:G14) -> 2.6 | C14: =AVERAGE(Base_Marcas!H14:I14) -> 5.5 | D14: =AVERAGE(B14:C14) -> 4.05 | E14: =IF(AND(B14>=5,C14>=5),"Reputação Consolidada",IF(AND(B14<5,C14>=5),"Risco Narrativo",IF(AND(B14>=5,C14<5),"Oportunidade Latente","Baixa Relevância"))) -> Risco Narrativo | F14: =D14+ROW()*0.00001 -> 4.05014 | G14: =RANK(F14,$F$5:$F$19) -> 13
A15: =Base_Marcas!A15 -> Ondara Turismo | B15: =AVERAGE(Base_Marcas!C15:G15) -> 8.4 | C15: =AVERAGE(Base_Marcas!H15:I15) -> 8.5 | D15: =AVERAGE(B15:C15) -> 8.45 | E15: =IF(AND(B15>=5,C15>=5),"Reputação Consolidada",IF(AND(B15<5,C15>=5),"Risco Narrativo",IF(AND(B15>=5,C15<5),"Oportunidade Latente","Baixa Relevância"))) -> Reputação Consolidada | F15: =D15+ROW()*0.00001 -> 8.45015 | G15: =RANK(F15,$F$5:$F$19) -> 2
A16: =Base_Marcas!A16 -> Kellen Educação | B16: =AVERAGE(Base_Marcas!C16:G16) -> 5.6 | C16: =AVERAGE(Base_Marcas!H16:I16) -> 3.5 | D16: =AVERAGE(B16:C16) -> 4.55 | E16: =IF(AND(B16>=5,C16>=5),"Reputação Consolidada",IF(AND(B16<5,C16>=5),"Risco Narrativo",IF(AND(B16>=5,C16<5),"Oportunidade Latente","Baixa Relevância"))) -> Oportunidade Latente | F16: =D16+ROW()*0.00001 -> 4.55016 | G16: =RANK(F16,$F$5:$F$19) -> 12
... A19: =Base_Marcas!A19 -> Ravena Entretenimento | B19: =AVERAGE(Base_Marcas!C19:G19) -> 8.8 | C19: =AVERAGE(Base_Marcas!H19:I19) -> 9 | D19: =AVERAGE(B19:C19) -> 8.9 | E19: =IF(AND(B19>=5,C19>=5),"Reputação Consolidada",IF(AND(B19<5,C19>=5),"Risco Narrativo",IF(AND(B19>=5,C19<5),"Oportunidade Latente","Baixa Relevância"))) -> Reputação Consolidada | F19: =D19+ROW()*0.00001 -> 8.90019 | G19: =RANK(F19,$F$5:$F$19) -> 1

Sheet Matriz_Quadrantes
A1: Matriz de 4 Quadrantes — Narrativa x Atratividade
A2: Eixo X = Score de Eficiência de Narrativa · Eixo Y = Score de Atratividade de Conteúdo · Linha de corte em 5.0 nos dois eixos.
A4: Marca | B4: Narrativa (X) | C4: Atratividade (Y)
A5: =Scoring!A5 -> Aurora Cosméticos | B5: =Scoring!B5 -> 7.6 | C5: =Scoring!C5 -> 8.5
A6: =Scoring!A6 -> NovaTech Eletrônicos | B6: =Scoring!B6 -> 5.6 | C6: =Scoring!C6 -> 7.5
A7: =Scoring!A7 -> Vertta Alimentos | B7: =Scoring!B7 -> 4.8 | C7: =Scoring!C7 -> 4.5
A8: =Scoring!A8 -> Bruma Vestuário | B8: =Scoring!B8 -> 7.4 | C8: =Scoring!C8 -> 6
A9: =Scoring!A9 -> Solvix Farmacêutica | B9: =Scoring!B9 -> 8.8 | C9: =Scoring!C9 -> 7.5
A10: =Scoring!A10 -> Cintra Bebidas | B10: =Scoring!B10 -> 4.4 | C10: =Scoring!C10 -> 6.5
A11: =Scoring!A11 -> Halo Beleza | B11: =Scoring!B11 -> 3.4 | C11: =Scoring!C11 -> 3.5
A12: =Scoring!A12 -> Ferra Automotiva | B12: =Scoring!B12 -> 6.2 | C12: =Scoring!C12 -> 4.5
A13: =Scoring!A13 -> Lumen Energia | B13: =Scoring!B13 -> 6.6 | C13: =Scoring!C13 -> 5.5
A14: =Scoring!A14 -> Prisma Telecom | B14: =Scoring!B14 -> 2.6 | C14: =Scoring!C14 -> 5.5
A15: =Scoring!A15 -> Ondara Turismo | B15: =Scoring!B15 -> 8.4 | C15: =Scoring!C15 -> 8.5
A16: =Scoring!A16 -> Kellen Educação | B16: =Scoring!B16 -> 5.6 | C16: =Scoring!C16 -> 3.5
... A19: =Scoring!A19 -> Ravena Entretenimento | B19: =Scoring!B19 -> 8.8 | C19: =Scoring!C19 -> 9

Sheet Benchmarking
A1: Benchmarking Competitivo — Ranking por Score Final
A2: Ordenado do maior para o menor Score Final via INDEX/MATCH sobre a coluna de desempate da aba Scoring.
A4: Posição | B4: Marca | C4: Score Narrativa | D4: Score Atratividade | E4: Score Final | F4: Quadrante
A5: 1 | B5: =INDEX(Scoring!$A$5:$A$19,MATCH(1,Scoring!$G$5:$G$19,0)) -> Ravena Entretenimento | C5: =INDEX(Scoring!$B$5:$B$19,MATCH(1,Scoring!$G$5:$G$19,0)) -> 8.8 | D5: =INDEX(Scoring!$C$5:$C$19,MATCH(1,Scoring!$G$5:$G$19,0)) -> 9 | E5: =INDEX(Scoring!$D$5:$D$19,MATCH(1,Scoring!$G$5:$G$19,0)) -> 8.9 | F5: =INDEX(Scoring!$E$5:$E$19,MATCH(1,Scoring!$G$5:$G$19,0)) -> Reputação Consolidada
A6: 2 | B6: =INDEX(Scoring!$A$5:$A$19,MATCH(2,Scoring!$G$5:$G$19,0)) -> Ondara Turismo | C6: =INDEX(Scoring!$B$5:$B$19,MATCH(2,Scoring!$G$5:$G$19,0)) -> 8.4 | D6: =INDEX(Scoring!$C$5:$C$19,MATCH(2,Scoring!$G$5:$G$19,0)) -> 8.5 | E6: =INDEX(Scoring!$D$5:$D$19,MATCH(2,Scoring!$G$5:$G$19,0)) -> 8.45 | F6: =INDEX(Scoring!$E$5:$E$19,MATCH(2,Scoring!$G$5:$G$19,0)) -> Reputação Consolidada
A7: 3 | B7: =INDEX(Scoring!$A$5:$A$19,MATCH(3,Scoring!$G$5:$G$19,0)) -> Solvix Farmacêutica | C7: =INDEX(Scoring!$B$5:$B$19,MATCH(3,Scoring!$G$5:$G$19,0)) -> 8.8 | D7: =INDEX(Scoring!$C$5:$C$19,MATCH(3,Scoring!$G$5:$G$19,0)) -> 7.5 | E7: =INDEX(Scoring!$D$5:$D$19,MATCH(3,Scoring!$G$5:$G$19,0)) -> 8.15 | F7: =INDEX(Scoring!$E$5:$E$19,MATCH(3,Scoring!$G$5:$G$19,0)) -> Reputação Consolidada
A8: 4 | B8: =INDEX(Scoring!$A$5:$A$19,MATCH(4,Scoring!$G$5:$G$19,0)) -> Aurora Cosméticos | C8: =INDEX(Scoring!$B$5:$B$19,MATCH(4,Scoring!$G$5:$G$19,0)) -> 7.6 | D8: =INDEX(Scoring!$C$5:$C$19,MATCH(4,Scoring!$G$5:$G$19,0)) -> 8.5 | E8: =INDEX(Scoring!$D$5:$D$19,MATCH(4,Scoring!$G$5:$G$19,0)) -> 8.05 | F8: =INDEX(Scoring!$E$5:$E$19,MATCH(4,Scoring!$G$5:$G$19,0)) -> Reputação Consolidada
A9: 5 | B9: =INDEX(Scoring!$A$5:$A$19,MATCH(5,Scoring!$G$5:$G$19,0)) -> Bruma Vestuário | C9: =INDEX(Scoring!$B$5:$B$19,MATCH(5,Scoring!$G$5:$G$19,0)) -> 7.4 | D9: =INDEX(Scoring!$C$5:$C$19,MATCH(5,Scoring!$G$5:$G$19,0)) -> 6 | E9: =INDEX(Scoring!$D$5:$D$19,MATCH(5,Scoring!$G$5:$G$19,0)) -> 6.7 | F9: =INDEX(Scoring!$E$5:$E$19,MATCH(5,Scoring!$G$5:$G$19,0)) -> Reputação Consolidada
A10: 6 | B10: =INDEX(Scoring!$A$5:$A$19,MATCH(6,Scoring!$G$5:$G$19,0)) -> NovaTech Eletrônicos | C10: =INDEX(Scoring!$B$5:$B$19,MATCH(6,Scoring!$G$5:$G$19,0)) -> 5.6 | D10: =INDEX(Scoring!$C$5:$C$19,MATCH(6,Scoring!$G$5:$G$19,0)) -> 7.5 | E10: =INDEX(Scoring!$D$5:$D$19,MATCH(6,Scoring!$G$5:$G$19,0)) -> 6.55 | F10: =INDEX(Scoring!$E$5:$E$19,MATCH(6,Scoring!$G$5:$G$19,0)) -> Reputação Consolidada
A11: 7 | B11: =INDEX(Scoring!$A$5:$A$19,MATCH(7,Scoring!$G$5:$G$19,0)) -> Lumen Energia | C11: =INDEX(Scoring!$B$5:$B$19,MATCH(7,Scoring!$G$5:$G$19,0)) -> 6.6 | D11: =INDEX(Scoring!$C$5:$C$19,MATCH(7,Scoring!$G$5:$G$19,0)) -> 5.5 | E11: =INDEX(Scoring!$D$5:$D$19,MATCH(7,Scoring!$G$5:$G$19,0)) -> 6.05 | F11: =INDEX(Scoring!$E$5:$E$19,MATCH(7,Scoring!$G$5:$G$19,0)) -> Reputação Consolidada
A12: 8 | B12: =INDEX(Scoring!$A$5:$A$19,MATCH(8,Scoring!$G$5:$G$19,0)) -> Cintra Bebidas | C12: =INDEX(Scoring!$B$5:$B$19,MATCH(8,Scoring!$G$5:$G$19,0)) -> 4.4 | D12: =INDEX(Scoring!$C$5:$C$19,MATCH(8,Scoring!$G$5:$G$19,0)) -> 6.5 | E12: =INDEX(Scoring!$D$5:$D$19,MATCH(8,Scoring!$G$5:$G$19,0)) -> 5.45 | F12: =INDEX(Scoring!$E$5:$E$19,MATCH(8,Scoring!$G$5:$G$19,0)) -> Risco Narrativo
A13: 9 | B13: =INDEX(Scoring!$A$5:$A$19,MATCH(9,Scoring!$G$5:$G$19,0)) -> Ferra Automotiva | C13: =INDEX(Scoring!$B$5:$B$19,MATCH(9,Scoring!$G$5:$G$19,0)) -> 6.2 | D13: =INDEX(Scoring!$C$5:$C$19,MATCH(9,Scoring!$G$5:$G$19,0)) -> 4.5 | E13: =INDEX(Scoring!$D$5:$D$19,MATCH(9,Scoring!$G$5:$G$19,0)) -> 5.35 | F13: =INDEX(Scoring!$E$5:$E$19,MATCH(9,Scoring!$G$5:$G$19,0)) -> Oportunidade Latente
A14: 10 | B14: =INDEX(Scoring!$A$5:$A$19,MATCH(10,Scoring!$G$5:$G$19,0)) -> Bravium Financeiro | C14: =INDEX(Scoring!$B$5:$B$19,MATCH(10,Scoring!$G$5:$G$19,0)) -> 2.6 | D14: =INDEX(Scoring!$C$5:$C$19,MATCH(10,Scoring!$G$5:$G$19,0)) -> 7.5 | E14: =INDEX(Scoring!$D$5:$D$19,MATCH(10,Scoring!$G$5:$G$19,0)) -> 5.05 | F14: =INDEX(Scoring!$E$5:$E$19,MATCH(10,Scoring!$G$5:$G$19,0)) -> Risco Narrativo
A15: 11 | B15: =INDEX(Scoring!$A$5:$A$19,MATCH(11,Scoring!$G$5:$G$19,0)) -> Vertta Alimentos | C15: =INDEX(Scoring!$B$5:$B$19,MATCH(11,Scoring!$G$5:$G$19,0)) -> 4.8 | D15: =INDEX(Scoring!$C$5:$C$19,MATCH(11,Scoring!$G$5:$G$19,0)) -> 4.5 | E15: =INDEX(Scoring!$D$5:$D$19,MATCH(11,Scoring!$G$5:$G$19,0)) -> 4.65 | F15: =INDEX(Scoring!$E$5:$E$19,MATCH(11,Scoring!$G$5:$G$19,0)) -> Baixa Relevância
A16: 12 | B16: =INDEX(Scoring!$A$5:$A$19,MATCH(12,Scoring!$G$5:$G$19,0)) -> Kellen Educação | C16: =INDEX(Scoring!$B$5:$B$19,MATCH(12,Scoring!$G$5:$G$19,0)) -> 5.6 | D16: =INDEX(Scoring!$C$5:$C$19,MATCH(12,Scoring!$G$5:$G$19,0)) -> 3.5 | E16: =INDEX(Scoring!$D$5:$D$19,MATCH(12,Scoring!$G$5:$G$19,0)) -> 4.55 | F16: =INDEX(Scoring!$E$5:$E$19,MATCH(12,Scoring!$G$5:$G$19,0)) -> Oportunidade Latente
A17: 13 | B17: =INDEX(Scoring!$A$5:$A$19,MATCH(13,Scoring!$G$5:$G$19,0)) -> Prisma Telecom | C17: =INDEX(Scoring!$B$5:$B$19,MATCH(13,Scoring!$G$5:$G$19,0)) -> 2.6 | D17: =INDEX(Scoring!$C$5:$C$19,MATCH(13,Scoring!$G$5:$G$19,0)) -> 5.5 | E17: =INDEX(Scoring!$D$5:$D$19,MATCH(13,Scoring!$G$5:$G$19,0)) -> 4.05 | F17: =INDEX(Scoring!$E$5:$E$19,MATCH(13,Scoring!$G$5:$G$19,0)) -> Risco Narrativo
A18: 14 | B18: =INDEX(Scoring!$A$5:$A$19,MATCH(14,Scoring!$G$5:$G$19,0)) -> Ipê Construção | C18: =INDEX(Scoring!$B$5:$B$19,MATCH(14,Scoring!$G$5:$G$19,0)) -> 3.8 | D18: =INDEX(Scoring!$C$5:$C$19,MATCH(14,Scoring!$G$5:$G$19,0)) -> 3.5 | E18: =INDEX(Scoring!$D$5:$D$19,MATCH(14,Scoring!$G$5:$G$19,0)) -> 3.65 | F18: =INDEX(Scoring!$E$5:$E$19,MATCH(14,Scoring!$G$5:$G$19,0)) -> Baixa Relevância
A19: 15 | B19: =INDEX(Scoring!$A$5:$A$19,MATCH(15,Scoring!$G$5:$G$19,0)) -> Halo Beleza | C19: =INDEX(Scoring!$B$5:$B$19,MATCH(15,Scoring!$G$5:$G$19,0)) -> 3.4 | D19: =INDEX(Scoring!$C$5:$C$19,MATCH(15,Scoring!$G$5:$G$19,0)) -> 3.5 | E19: =INDEX(Scoring!$D$5:$D$19,MATCH(15,Scoring!$G$5:$G$19,0)) -> 3.45 | F19: =INDEX(Scoring!$E$5:$E$19,MATCH(15,Scoring!$G$5:$G$19,0)) -> Baixa Relevância
